PHRASE-YT|de|18ef35a6b1d9570b	Phrase	Du bist sehr gut zu mir gewesen.	You have been very good to me.				Blue		Dictionary	de	en						2022-10-09 02:02	"
Du bist sehr gut zu mir gewesen.
"	"
You have been very good to me.
"	"
You've been very good to me.
"			1667959351505.mp3
PHRASE-YT|de|fb455e6bb583839c	Phrase	Das hast du sehr gut gemacht.	You did that very well.				Blue		Dictionary	de	en						2022-10-09 02:02	"
Das hast du sehr gut gemacht.
"	"
You did that very well.
"				1667959350639.mp3
PHRASE-YT|de|986668dcd247adaa	Phrase	Die USA sind sehr groß.	The US is very big.				Blue		Dictionary	de	en						2022-10-09 02:02	"
Die USA sind sehr groß.
"	"
The US is very big.
"	"
The USA is very big.
"			1667959349628.mp3
PHRASE-YT|de|ca49185bdc81762f	Phrase	Kann man es auch einfacher sagen?	Is it easier to say?				Blue		Dictionary	de	en						2022-10-08 11:04	"
Kann man es auch einfacher sagen?
"	"
Is it easier to say?
"				1667905457199.mp3
PHRASE-YT|de|a81972bccbca025a	Phrase	Das ist wirklich nicht so einfach.	It's really not that easy.				Blue		Dictionary	de	en						2022-10-08 11:04	"
Das ist wirklich nicht so einfach.
"	"
It's really not that easy.
"				1667905455363.mp3
PHRASE-YT|de|4e7965ec39ecc177	Phrase	Warum lässt du es nicht einfach so?	Why don't you just leave it that way?				Blue		Dictionary	de	en						2022-10-08 11:04	"
Warum lässt du es nicht einfach so?
"	"
Why don't you just leave it that way?
"	"
Why don't you just leave it like that?
"			1667905454315.mp3
PHRASE-YT|de|6b6ae4bf3435e9b1	Phrase	So einfach ist es nicht.	It's not that simple.				Blue		Dictionary	de	en						2022-10-08 11:04	"
So einfach ist es nicht.
"	"
It's not that simple.
"				1667905453193.mp3
PHRASE-YT|de|5885ba4a81be6f1c	Phrase	Das Leben ist nicht einfach.	Life is not easy.				Blue		Dictionary	de	en						2022-10-08 11:04	"
Das Leben ist nicht einfach.
"	"
Life is not easy.
"				1667905451174.mp3
PHRASE-YT|de|00283dd3f29919b0	Phrase	"Sagt ihm einfach, was ihr gesehen habt!"	Just tell him what you saw!				Blue		Dictionary	de	en						2022-10-08 11:04	"
Sagt ihm einfach, was ihr gesehen habt!
"	"
Just tell him what you saw!
"	"
Just tell him what you saw.
"			1667905449462.mp3
PHRASE-YT|de|8201eca4f4e0ade3	Phrase	Tom ließ mich einfach nicht gehen.	Tom just wouldn't let me go.				Blue		Dictionary	de	en						2022-10-08 11:04	"
Tom ließ mich einfach nicht gehen.
"	"
Tom just wouldn't let me go.
"	"
Tom wouldn't let me leave.
"			1667905448682.mp3
PHRASE-YT|de|d4462d69c7b8c98e	Phrase	Alle drei sahen Tom einfach nur an.	All three just looked at Tom.				Blue		Dictionary	de	en						2022-10-08 11:04	"
Alle drei sahen Tom einfach nur an.
"	"
All three just looked at Tom.
"	"
The three of them all just looked at Tom.
"			1667905447815.mp3
PHRASE-YT|de|0c16ef4790d8017e	Phrase	Tom hat nichts Gutes vor.	Tom has nothing good in mind.				Blue		Dictionary	de	en						2022-10-08 11:03	"
Tom hat nichts Gutes vor.
"	"
Tom has nothing good in mind.
"				1667905438836.mp3
PHRASE-YT|de|ae92ac14525bdf98	Phrase	So was kommt nicht alle Tage vor.	This doesn't happen every day.				Blue		Dictionary	de	en						2022-10-08 11:03	"
So was kommt nicht alle Tage vor.
"	"
This doesn't happen every day.
"				1667905438082.mp3
PHRASE-YT|de|ff3392ae52bbde8f	Phrase	Was hast du heute vor?	What are your plans for today?				Blue		Dictionary	de	en						2022-10-08 11:03	"
Was hast du heute vor?
"	"
What are your plans for today?
"	"
What are your plans for today?
"			1667905437332.mp3
PHRASE-YT|de|0130b86a0a9492b8	Phrase	Ich war vor zwei Jahren in Yokohama.	I was in Yokohama two years ago.				Blue		Dictionary	de	en						2022-10-08 11:03	"
Ich war vor zwei Jahren in Yokohama.
"	"
I was in Yokohama two years ago.
"				1667905436399.mp3
PHRASE-YT|de|b397bdd339135f2b	Phrase	Das weiß ich schon.	I already know that.				Blue		Dictionary	de	en						2022-10-08 11:03	"
Das weiß ich schon.
"	"
I already know that.
"				1667905427032.mp3
PHRASE-YT|de|19c4f9a11789c7b1	Phrase	"Viel tut, wer etwas gut tut."	A lot is done by those who do something well.				Blue		Dictionary	de	en						2022-10-08 11:03	"
Viel tut, wer etwas gut tut.
"	"
A lot is done by those who do something well.
"				1667905419345.mp3
PHRASE-YT|de|7ced46f431b66c5c	Phrase	Das ist etwas anderes.	That is something else.				Blue		Dictionary	de	en						2022-10-08 11:03	"
Das ist etwas anderes.
"	"
That is something else.
"				1667905418179.mp3
PHRASE-YT|de|b117a3ddc8eeec85	Phrase	"Ich dachte, ich hätte etwas gesehen."	I thought I had seen something.				Blue		Dictionary	de	en						2022-10-08 11:03	"
Ich dachte, ich hätte etwas gesehen.
"	"
I thought I had seen something.
"				1667905415987.mp3
PHRASE-YT|de|97c07714a1f0f0c5	Phrase	Kann ich etwas für Sie tun?	Is there anything I can do for you?				Blue		Dictionary	de	en						2022-10-08 11:03	"
Kann ich etwas für Sie tun?
"	"
Is there anything I can do for you?
"	"
Is there anything I can do for you?
"			1667905415131.mp3
PHRASE-YT|de|adbd25ed4dc76325	Phrase	Das geht nur mich etwas an.	It's all my business.				Blue		Dictionary	de	en						2022-10-08 11:03	"
Das geht nur mich etwas an.
"	"
It's all my business.
"				1667905414598.mp3
PHRASE-YT|de|9e8246834aac4af7	Phrase	So viel dachte ich mir.	That's what I thought.				Blue		Dictionary	de	en						2022-10-08 11:03	"
So viel dachte ich mir.
"	"
That's what I thought.
"	"
I thought as much.
"			1667905405686.mp3
PHRASE-YT|de|ab01d205b9945201	Phrase	Morgen ist ein anderer Tag.	Tomorrow is another day.				Blue		Dictionary	de	en						2022-10-08 11:03	"
Morgen ist ein anderer Tag.
"	"
Tomorrow is another day.
"				1667905398479.mp3
PHRASE-YT|de|4a43d8c627693583	Phrase	Spring! Was anderes kannst du nicht machen.	Spring! You can't do anything else.				Blue		Dictionary	de	en						2022-10-08 11:03	"
Spring! Was anderes kannst du nicht machen.
"	"
Spring! You can't do anything else.
"				1667905396322.mp3
PHRASE-YT|de|1c2036e24ae988cb	Phrase	Ich habe etwas anderes zu tun.	I have something else to do.				Blue		Dictionary	de	en						2022-10-08 11:03	"
Ich habe etwas anderes zu tun.
"	"
I have something else to do.
"				1667905395081.mp3
PHRASE-YT|de|75e7ebc5ce39e6ec	Phrase	Hast du heute noch was anderes vor?	Do you have anything else planned today?				Blue		Dictionary	de	en						2022-10-08 11:03	"
Hast du heute noch was anderes vor?
"	"
Do you have anything else planned today?
"	"
Do you have anything else planned for today?
"			1667905394033.mp3
PHRASE-YT|de|52b44c4607749446	Phrase	Ich hätte nichts anderes tun können.	I couldn't have done anything else.				Blue		Dictionary	de	en						2022-10-08 11:03	"
Ich hätte nichts anderes tun können.
"	"
I couldn't have done anything else.
"	"
I could not have done otherwise.
"			1667905393210.mp3
PHRASE-YT|de|3e95f4ee7ba3bbe2	Phrase	Das haben wir immer schon so gemacht!	We've always done it this way!				Blue		Dictionary	de	en						2022-10-08 11:03	"
Das haben wir immer schon so gemacht!
"	"
We've always done it this way!
"				1667905380311.mp3
PHRASE-YT|de|815d3162afb51ad3	Phrase	Warum immer ich?	Why always me?				Blue		Dictionary	de	en						2022-10-08 11:02	"
Warum immer ich?
"	"
Why always me?
"				1667905379327.mp3
PHRASE-YT|de|53df29be0f2c03b8	Phrase	Wir wussten es die ganze Zeit über.	We knew it all along.				Blue		Dictionary	de	en						2022-10-08 11:02	"
Wir wussten es die ganze Zeit über.
"	"
We knew it all along.
"	"
We knew it all along.
"			1667905372994.mp3
PHRASE-YT|de|52b84cbd336bd727	Phrase	Was denkst du wirklich über ihn?	What do you really think about him?				Blue		Dictionary	de	en						2022-10-08 11:02	"
Was denkst du wirklich über ihn?
"	"
What do you really think about him?
"	"
What do you really think of him?
"			1667905372227.mp3
PHRASE-YT|de|3696ed8b59ef43d7	Phrase	Was denkst du über diese Leute?	What do you think about these people?				Blue		Dictionary	de	en						2022-10-08 11:02	"
Was denkst du über diese Leute?
"	"
What do you think about these people?
"				1667905371669.mp3
PHRASE-YT|de|e0036075f6f7efde	Phrase	Was wissen Sie über die DDR?	What do you know about the GDR?				Blue		Dictionary	de	en						2022-10-08 11:02	"
Was wissen Sie über die DDR?
"	"
What do you know about the GDR?
"				1667905371053.mp3
PHRASE-YT|de|858c36204b6df185	Phrase	Das machst du mir nicht noch mal!	You won't do that to me again!				Blue		Dictionary	de	en						2022-10-08 11:02	"
Das machst du mir nicht noch mal!
"	"
You won't do that to me again!
"				1667905362580.mp3
PHRASE-YT|de|69f4343578a4cba5	Phrase	Ich habe das schon mal gemacht.	I've done this before.				Blue		Dictionary	de	en						2022-10-08 11:02	"
Ich habe das schon mal gemacht.
"	"
I've done this before.
"				1667905361860.mp3
PHRASE-YT|de|f20081c609b64194	Phrase	Das musste mal gesagt werden!	That had to be said!				Blue		Dictionary	de	en						2022-10-08 11:02	"
Das musste mal gesagt werden!
"	"
That had to be said!
"	"
It had to be said!
"			1667905360762.mp3
PHRASE-YT|de|c9670155e2fea1ae	Phrase	Ich bin zum ersten Mal hier.	This is my first time here.				Blue		Dictionary	de	en						2022-10-08 11:02	"
Ich bin zum ersten Mal hier.
"	"
This is my first time here.
"	"
This is the first time I've been here.
"			1667905359064.mp3
PHRASE-YT|de|1de76c04d113ea0d	Phrase	Das ist mein erstes Mal.	This is my first time.				Blue		Dictionary	de	en						2022-10-08 11:02	"
Das ist mein erstes Mal.
"	"
This is my first time.
"	"
It's my first time.
"			1667905358306.mp3
PHRASE-YT|de|b006bb5e169f2ea6	Phrase	"Mal sehen, was er kann."	Let's see what he can do.				Blue		Dictionary	de	en						2022-10-08 11:02	"
Mal sehen, was er kann.
"	"
Let's see what he can do.
"	"
Let's see what he can do.
"			1667905357612.mp3
PHRASE-YT|de|ac9c8a9695ab745a	Phrase	"Nein, ich sage nichts mehr."	"No, I won't say anything more."				Blue		Dictionary	de	en						2022-10-08 11:02	"
Nein, ich sage nichts mehr.
"	"
No, I won't say anything more.
"				1667905349850.mp3
PHRASE-YT|de|36854be0ebd13714	Phrase	Ich habe keine Zeit mehr.	I don't have time anymore.				Blue		Dictionary	de	en						2022-10-08 11:02	"
Ich habe keine Zeit mehr.
"	"
I don't have time anymore.
"				1667905349160.mp3
PHRASE-YT|de|0e4411da3e100009	Phrase	Das wollte ich schon immer mal tun.	That's what I've always wanted to do.				Blue		Dictionary	de	en						2022-10-08 11:02	"
Das wollte ich schon immer mal tun.
"	"
That's what I've always wanted to do.
"	"
I always wanted to do that.
"			1667905342157.mp3
PHRASE-YT|de|a80d040196294fbb	Phrase	Ich will nichts damit zu tun haben.	I don't want to have anything to do with it.				Blue		Dictionary	de	en						2022-10-08 11:02	"
Ich will nichts damit zu tun haben.
"	"
I don't want to have anything to do with it.
"	"
I want nothing to do with it.
"			1667905341239.mp3
PHRASE-YT|de|acb355b52dabd8bc	Phrase	"Er wusste nicht, was er tun sollte."	He didn't know what to do.				Blue		Dictionary	de	en						2022-10-08 11:02	"
Er wusste nicht, was er tun sollte.
"	"
He didn't know what to do.
"				1667905335859.mp3
PHRASE-YT|de|082c299b9efb8ff5	Phrase	"Ich weiß nicht, was ich sagen soll."	I don't know what to say.				Blue		Dictionary	de	en						2022-10-08 11:02	"
Ich weiß nicht, was ich sagen soll.
"	"
I don't know what to say.
"				1667905335314.mp3
PHRASE-YT|de|364d5d1280f3bdf8	Phrase	Was soll aus ihm werden?	What is to become of him?				Blue		Dictionary	de	en						2022-10-08 11:02	"
Was soll aus ihm werden?
"	"
What is to become of him?
"	"
What's to become of him?
"			1667905334409.mp3
PHRASE-YT|de|14f78932c992f72f	Phrase	Tom soll leben!	Let Tom live!				Blue		Dictionary	de	en						2022-10-08 11:02	"
Tom soll leben!
"	"
Let Tom live!
"				1667905333378.mp3
PHRASE-YT|de|d95f4f0f7d46d6c6	Phrase	Man kann immer Zeit finden.	You can always find time.				Blue		Dictionary	de	en						2022-10-08 11:02	"
Man kann immer Zeit finden.
"	"
You can always find time.
"				1667905325672.mp3
PHRASE-YT|de|5f966ef51e4ba2d2	Phrase	Wir mögen unser Haus.	We like our house.				Blue		Dictionary	de	en						2022-10-08 11:01	"
Wir mögen unser Haus.
"	"
We like our house.
"	"
We like our house.
"			1667905317960.mp3
PHRASE-YT|de|57752be3a0450e4c	Phrase	Wir haben unser Leben zu leben.	We have our lives to live.				Blue		Dictionary	de	en						2022-10-08 11:01	"
Wir haben unser Leben zu leben.
"	"
We have our lives to live.
"	"
We have our lives to live.
"			1667905317109.mp3
PHRASE-YT|de|b5e32b7412cde864	Phrase	Auch unser Tag wird kommen.	Our day will also come.				Blue		Dictionary	de	en						2022-10-08 11:01	"
Auch unser Tag wird kommen.
"	"
Our day will also come.
"				1667905316548.mp3
PHRASE-YT|de|85aebd4890773344	Phrase	Dieser hier ist unserer.	This one is ours.				Blue		Dictionary	de	en						2022-10-08 11:01	"
Dieser hier ist unserer.
"	"
This one is ours.
"	"
This one is ours.
"			1667905315493.mp3
PHRASE-YT|de|913be68ca8ed7c33	Phrase	Das ist nichts für unsere Zeit.	This is not for our time.				Blue		Dictionary	de	en						2022-10-08 11:01	"
Das ist nichts für unsere Zeit.
"	"
This is not for our time.
"				1667905314956.mp3
PHRASE-YT|de|2ed86e0549bccaa3	Phrase	Da gibt es nichts mehr zu sagen.	There is nothing more to say.				Blue		Dictionary	de	en						2022-10-08 11:01	"
Da gibt es nichts mehr zu sagen.
"	"
There is nothing more to say.
"				1667905301837.mp3
PHRASE-YT|de|8888614142b82653	Phrase	Ich bin auch noch da!	I'm still here too!				Blue		Dictionary	de	en						2022-10-08 11:01	"
Ich bin auch noch da!
"	"
I'm still here too!
"				1667905301026.mp3
PHRASE-YT|de|010e22b63712f0b8	Phrase	"Was auch immer ich habe, ist deins."	Whatever I have is yours.				Blue		Dictionary	de	en						2022-10-08 11:01	"
Was auch immer ich habe, ist deins.
"	"
Whatever I have is yours.
"	"
Whatever I have is yours.
"			1667905294897.mp3
PHRASE-YT|de|5a4ad139549488dd	Phrase	Wo sind deine Leute?	Where are your people?				Blue		Dictionary	de	en						2022-10-08 11:01	"
Wo sind deine Leute?
"	"
Where are your people?
"	"
Where are your people?
"			1667905294061.mp3
PHRASE-YT|de|4774d495a1227b33	Phrase	Meins ist nicht so gut wie deins.	Mine is not as good as yours.				Blue		Dictionary	de	en						2022-10-08 11:01	"
Meins ist nicht so gut wie deins.
"	"
Mine is not as good as yours.
"				1667905293243.mp3
PHRASE-YT|de|2bfa9b5df7ad4b25	Phrase	Deine Zeit ist um.	Your time is up.				Blue		Dictionary	de	en						2022-10-08 11:01	"
Deine Zeit ist um.
"	"
Your time is up.
"	"
Your time is up.
"			1667905292188.mp3
PHRASE-YT|de|575503370727cd76	Phrase	Was hast du in deinem Rucksack?	What do you have in your backpack?				Blue		Dictionary	de	en						2022-10-08 11:01	"
Was hast du in deinem Rucksack?
"	"
What do you have in your backpack?
"	"
What have you got in your backpack?
"			1667905291353.mp3
PHRASE-YT|de|904bcae3e3320d14	Phrase	Kommt dein Mann auch aus Australien?	Is your husband also from Australia?				Blue		Dictionary	de	en						2022-10-08 11:01	"
Kommt dein Mann auch aus Australien?
"	"
Is your husband also from Australia?
"	"
Is your husband also from Australia?
"			1667905287914.mp3
PHRASE-YT|de|176e5c81c7fffc28	Phrase	Mein Füller ist nicht so gut wie deiner.	My fountain pen is not as good as yours.				Blue		Dictionary	de	en						2022-10-08 11:01	"
Mein Füller ist nicht so gut wie deiner.
"	"
My fountain pen is not as good as yours.
"				1667905287032.mp3
PHRASE-YT|de|7c44e2b8ba0d9bbe	Phrase	Heute ist nicht dein Tag.	Today is not your day.				Blue		Dictionary	de	en						2022-10-08 11:01	"
Heute ist nicht dein Tag.
"	"
Today is not your day.
"	"
Today is not your day.
"			1667905286069.mp3
PHRASE-YT|de|b302a17af4e8abf8	Phrase	Mein Haus ist wie deines.	My house is like yours.				Blue		Dictionary	de	en						2022-10-08 11:01	"
Mein Haus ist wie deines.
"	"
My house is like yours.
"	"
My house is like yours.
"			1667905285331.mp3
PHRASE-YT|de|c696b051c4b528e3	Phrase	"Ich denke, dein Englisch ist viel besser geworden."	I think your English has gotten a lot better.				Blue		Dictionary	de	en						2022-10-08 11:01	"
Ich denke, dein Englisch ist viel besser geworden.
"	"
I think your English has gotten a lot better.
"	"
I think your English has gotten a lot better.
"			1667905282920.mp3
PHRASE-YT|de|c26f4da18424b592	Phrase	"Na, was macht dein Leben so?"	"Well, what does your life do?"				Blue		Dictionary	de	en						2022-10-08 11:01	"
Na, was macht dein Leben so?
"	"
Well, what does your life do?
"	"
How is life treating you?
"			1667905281801.mp3
PHRASE-YT|de|edb5ea88c3048ad4	Phrase	Deine war besser.	Yours was better.				Blue		Dictionary	de	en						2022-10-08 11:01	"
Deine war besser.
"	"
Yours was better.
"	"
Yours was better.
"			1667905280622.mp3
PHRASE-YT|de|33a8e804e1f3e635	Phrase	Wie war dein Tag?	How was your day?				Blue		Dictionary	de	en						2022-10-08 11:01	"
Wie war dein Tag?
"	"
How was your day?
"				1667905279825.mp3
PHRASE-YT|de|76c62d3abbeb00ad	Phrase	"Tu, was dein Herz dir sagt!"	Do what your heart tells you!				Blue		Dictionary	de	en						2022-10-08 11:01	"
Tu, was dein Herz dir sagt!
"	"
Do what your heart tells you!
"	"
Do as your heart dictates.
"			1667905278839.mp3
PHRASE-YT|de|355bb8162da74553	Phrase	Ich komme ein anderes Mal wieder.	I'll be back another time.				Blue		Dictionary	de	en						2022-10-08 11:01	"
Ich komme ein anderes Mal wieder.
"	"
I'll be back another time.
"	"
I'll come again another time.
"			1667905272730.mp3
PHRASE-YT|de|16559e003d6eb770	Phrase	"Ich will wissen, wer mit uns kommt."	I want to know who is coming with us.				Blue		Dictionary	de	en						2022-10-08 11:01	"
Ich will wissen, wer mit uns kommt.
"	"
I want to know who is coming with us.
"				1667905271843.mp3
PHRASE-YT|de|fd2b102466a62f65	Phrase	"Also gut, ich werde kommen."	"All right, I'll come."				Blue		Dictionary	de	en						2022-10-08 11:01	"
Also gut, ich werde kommen.
"	"
All right, I'll come.
"				1667905265547.mp3
PHRASE-YT|de|129214798ef6a15c	Phrase	Wo wart ihr also?	So where have you been?				Blue		Dictionary	de	en						2022-10-08 11:01	"
Wo wart ihr also?
"	"
So where have you been?
"	"
So where were you?
"			1667905264674.mp3
PHRASE-YT|de|f3bce311e81636df	Phrase	Also wo hast du gelebt?	So where did you live?				Blue		Dictionary	de	en						2022-10-08 11:01	"
Also wo hast du gelebt?
"	"
So where did you live?
"	"
So where did you live?
"			1667905263359.mp3
PHRASE-YT|de|8e0b43936ec7dde3	Phrase	"Also, hier sind wir!"	"So, here we are!"				Blue		Dictionary	de	en						2022-10-08 11:01	"
Also, hier sind wir!
"	"
So, here we are!
"	"
Well, here we are!
"			1667905262609.mp3
PHRASE-YT|de|d002495864e30cf6	Phrase	"Ich denke nicht, also bin ich nicht."	"I don't think so, so I'm not."				Blue		Dictionary	de	en						2022-10-08 11:01	"
Ich denke nicht, also bin ich nicht.
"	"
I don't think so, so I'm not.
"				1667905261816.mp3
PHRASE-YT|de|9cc906742736ff88	Phrase	"Ich weiß nicht mehr, wo es ist."	I don't know where it is anymore.				Blue		Dictionary	de	en						2022-10-08 11:00	"
Ich weiß nicht mehr, wo es ist.
"	"
I don't know where it is anymore.
"				1667905255284.mp3
PHRASE-YT|de|6646fcfa37b9e27e	Phrase	Ich ging im Januar nach Tokio.	I went to Tokyo in January.				Blue		Dictionary	de	en						2022-10-08 11:00	"
Ich ging im Januar nach Tokio.
"	"
I went to Tokyo in January.
"				1667905247101.mp3
PHRASE-YT|de|9f86404bcdc1cb88	Phrase	"Mama, Tom macht mir alles nach!"	"Mom, Tom is imitating me!"				Blue		Dictionary	de	en						2022-10-08 11:00	"
Mama, Tom macht mir alles nach!
"	"
Mom, Tom is imitating me!
"				1667905246101.mp3
PHRASE-YT|de|9fbe4a6b3be346fa	Phrase	Mit 9 Jahren kam ich nach Süddeutschland.	At the age of 9 I came to southern Germany.				Blue		Dictionary	de	en						2022-10-08 11:00	"
Mit 9 Jahren kam ich nach Süddeutschland.
"	"
At the age of 9 I came to southern Germany.
"				1667905245075.mp3
PHRASE-YT|de|081482dbff636997	Phrase	"Ich bin so, wie ich sein will."	I am the way I want to be.				Blue		Dictionary	de	en						2022-10-08 11:00	"
Ich bin so, wie ich sein will.
"	"
I am the way I want to be.
"				1667905238155.mp3
PHRASE-YT|de|e44dfa75ab5b6548	Phrase	"Ich will nicht wissen, wer ich bin."	I don't want to know who I am.				Blue		Dictionary	de	en						2022-10-08 11:00	"
Ich will nicht wissen, wer ich bin.
"	"
I don't want to know who I am.
"				1667905237273.mp3
PHRASE-YT|de|5974d5e35513c250	Phrase	Was will er werden?	What does he want to become?				Blue		Dictionary	de	en						2022-10-08 11:00	"
Was will er werden?
"	"
What does he want to become?
"	"
What does he want to become?
"			1667905236274.mp3
PHRASE-YT|de|c8bc6aa7681418da	Phrase	"Wer Gutes will, der sei erst gut."	He who wants good is only good.				Blue		Dictionary	de	en						2022-10-08 11:00	"
Wer Gutes will, der sei erst gut.
"	"
He who wants good is only good.
"				1667905235232.mp3
PHRASE-YT|de|2b96cf0cc3f8ce2b	Phrase	Ich will mehr.	I want more.				Blue		Dictionary	de	en						2022-10-08 11:00	"
Ich will mehr.
"	"
I want more.
"	"
I want more.
"			1667905233905.mp3
PHRASE-YT|de|77ad333315665261	Phrase	"Wer nicht will, der hat schon."	"If you don't want to, you already have."				Blue		Dictionary	de	en						2022-10-08 11:00	"
Wer nicht will, der hat schon.
"	"
If you don't want to, you already have.
"				1667905233116.mp3
PHRASE-YT|de|ba69261495c66e22	Phrase	Ich gehe jetzt wieder.	I'm leaving now.				Blue		Dictionary	de	en						2022-10-08 11:00	"
Ich gehe jetzt wieder.
"	"
I'm leaving now.
"	"
I'm going again now.
"			1667905227169.mp3
PHRASE-YT|de|ee6d3e1f6ce0ad8f	Phrase	Jetzt weiß es jeder.	Now everyone knows.				Blue		Dictionary	de	en						2022-10-08 11:00	"
Jetzt weiß es jeder.
"	"
Now everyone knows.
"	"
Now everyone knows about it.
"			1667905226407.mp3
PHRASE-YT|de|4fe4ac7af5976783	Phrase	Was kommt jetzt?	What's next?				Blue		Dictionary	de	en						2022-10-08 11:00	"
Was kommt jetzt?
"	"
What's next?
"	"
What is it now?
"			1667905225720.mp3
PHRASE-YT|de|9081d20f4b8ffccf	Phrase	Jetzt ist die beste Zeit.	Now is the best time.				Blue		Dictionary	de	en						2022-10-08 11:00	"
Jetzt ist die beste Zeit.
"	"
Now is the best time.
"				1667905224990.mp3
PHRASE-YT|de|07e6e4fd2840c8df	Phrase	"Wenn er kommt, dann um so besser."	"If he comes, then so much the better."				Blue		Dictionary	de	en						2022-10-08 11:00	"
Wenn er kommt, dann um so besser.
"	"
If he comes, then so much the better.
"	"
If he comes, so much the better.
"			1667905219400.mp3
PHRASE-YT|de|3170cfc445174180	Phrase	"Wenn Tom geht, dann gehe ich nicht."	"If Tom leaves, I don't go."				Blue		Dictionary	de	en						2022-10-08 11:00	"
Wenn Tom geht, dann gehe ich nicht.
"	"
If Tom leaves, I don't go.
"				1667905218525.mp3
PHRASE-YT|de|0be6ec2f2e12724f	Phrase	Das macht dann zwanzig Euro.	That makes twenty euros.				Blue		Dictionary	de	en						2022-10-08 11:00	"
Das macht dann zwanzig Euro.
"	"
That makes twenty euros.
"				1667905217791.mp3
PHRASE-YT|de|41f3f4093f48b878	Phrase	"""Halt's Maul! sagt man nicht."" ""Wie dann, Mama?"""	"""Shut up! you don't say so."" ""How then, Mom?"""				Blue		Dictionary	de	en						2022-10-08 11:00	"
""Halt's Maul! sagt man nicht."" ""Wie dann, Mama?""
"	"
""Shut up! you don't say so."" ""How then, Mom?""
"				1667905216053.mp3
PHRASE-YT|de|c66b20d2a1c28d2e	Phrase	So etwas gibt es bei uns nicht.	We don't have anything like that.				Blue		Dictionary	de	en						2022-10-08 11:00	"
So etwas gibt es bei uns nicht.
"	"
We don't have anything like that.
"				1667905208521.mp3
PHRASE-YT|de|604504e7d39e4efb	Phrase	Das kommt bei mir nicht an!	That doesn't go down well with me!				Blue		Dictionary	de	en						2022-10-08 11:00	"
Das kommt bei mir nicht an!
"	"
That doesn't go down well with me!
"				1667905207761.mp3
PHRASE-YT|de|17f0d1b016181f48	Phrase	Bei mir ist das auch so.	That is also the case with me.				Blue		Dictionary	de	en						2022-10-08 11:00	"
Bei mir ist das auch so.
"	"
That is also the case with me.
"				1667905206976.mp3
PHRASE-YT|de|15063ebc3b2eb3ea	Phrase	Bist du noch ganz bei Trost?	Are you still in comfort?				Blue		Dictionary	de	en						2022-10-08 11:00	"
Bist du noch ganz bei Trost?
"	"
Are you still in comfort?
"	"
Have you taken leave of your senses?
"			1667905206257.mp3
PHRASE-YT|de|9919cbf691871866	Phrase	Wäre ich doch bei dir!	If only I were with you!				Blue		Dictionary	de	en						2022-10-08 11:00	"
Wäre ich doch bei dir!
"	"
If only I were with you!
"				1667905205550.mp3
PHRASE-YT|de|a28507d3c6cb329b	Phrase	"Jetzt wird es mehr, viel mehr."	"Now it's going to be more, much more."				Blue		Dictionary	de	en						2022-10-07 17:26	"
Jetzt wird es mehr, viel mehr.
"	"
Now it's going to be more, much more.
"				1667842011525.mp3
PHRASE-YT|de|7dcdf26d7d43fc15	Phrase	Gute Leute gibt es nicht viel.	There aren't much good people.				Blue		Dictionary	de	en						2022-10-07 17:26	"
Gute Leute gibt es nicht viel.
"	"
There aren't much good people.
"				1667842009356.mp3
PHRASE-YT|de|d18cf5ed894d664a	Phrase	"Wer viel macht, kann viel."	"If you do a lot, you can do a lot."				Blue		Dictionary	de	en						2022-10-07 17:26	"
Wer viel macht, kann viel.
"	"
If you do a lot, you can do a lot.
"				1667842008816.mp3
PHRASE-YT|de|7057c34e122731f7	Phrase	Er ist viel besser als du.	He is much better than you.				Blue		Dictionary	de	en						2022-10-07 17:26	"
Er ist viel besser als du.
"	"
He is much better than you.
"				1667842007661.mp3
PHRASE-YT|de|19cc79eae23efabf	Phrase	Das war vor vielen Jahren.	That was many years ago.				Blue		Dictionary	de	en						2022-10-07 17:26	"
Das war vor vielen Jahren.
"	"
That was many years ago.
"	"
That was years ago.
"			1667842005667.mp3
PHRASE-YT|de|c823800200050bda	Phrase	Du hast viel Gutes getan.	You have done a lot of good.				Blue		Dictionary	de	en						2022-10-07 17:26	"
Du hast viel Gutes getan.
"	"
You have done a lot of good.
"	"
You've done a lot of good.
"			1667842005126.mp3
PHRASE-YT|de|0f290e7be16a11be	Phrase	Das geht doch vielen so.	Many people feel the same way.				Blue		Dictionary	de	en						2022-10-07 17:26	"
Das geht doch vielen so.
"	"
Many people feel the same way.
"				1667842004462.mp3
PHRASE-YT|de|d8ead11764c0ab50	Phrase	Habe ich einfach zu viel Zeit?	Do I just have too much time?				Blue		Dictionary	de	en						2022-10-07 17:26	"
Habe ich einfach zu viel Zeit?
"	"
Do I just have too much time?
"				1667842002944.mp3
PHRASE-YT|de|facd337ece5ae48f	Phrase	Tom hat das viele Male gesagt.	Tom has said this many times.				Blue		Dictionary	de	en						2022-10-07 17:26	"
Tom hat das viele Male gesagt.
"	"
Tom has said this many times.
"				1667842002420.mp3
PHRASE-YT|de|dc64f4e3d8b18ec2	Phrase	Jetzt geht es uns noch gut.	Now we are still doing well.				Blue		Dictionary	de	en						2022-10-07 17:26	"
Jetzt geht es uns noch gut.
"	"
Now we are still doing well.
"				1667841993888.mp3
PHRASE-YT|de|998a92e15f9819a4	Phrase	"Ihr habt getan, was getan werden musste."	You did what needed to be done.				Blue		Dictionary	de	en						2022-10-07 17:26	"
Ihr habt getan, was getan werden musste.
"	"
You did what needed to be done.
"	"
You did what had to be done.
"			1667841988132.mp3
PHRASE-YT|de|9b84dd50cfcffff3	Phrase	"Muss man müssen, wenn man nicht will?"	Do you have to if you don't want to?				Blue		Dictionary	de	en						2022-10-07 17:26	"
Muss man müssen, wenn man nicht will?
"	"
Do you have to if you don't want to?
"				1667841987374.mp3
PHRASE-YT|de|58caecb946e26bee	Phrase	Er weiß aus allem etwas zu machen.	He knows how to make something out of everything.				Blue		Dictionary	de	en						2022-10-07 17:26	"
Er weiß aus allem etwas zu machen.
"	"
He knows how to make something out of everything.
"				1667841980034.mp3
PHRASE-YT|de|a6a6a7ba99ad48a0	Phrase	Sehe ich so aus?	Do I look like this?				Blue		Dictionary	de	en						2022-10-07 17:26	"
Sehe ich so aus?
"	"
Do I look like this?
"				1667841979158.mp3
PHRASE-YT|de|9ff6f6817deecbbc	Phrase	Wer denkt sich so etwas aus?	Who comes up with such a thing?				Blue		Dictionary	de	en						2022-10-07 17:26	"
Wer denkt sich so etwas aus?
"	"
Who comes up with such a thing?
"				1667841978540.mp3
PHRASE-YT|de|b6b95b5e9de2f150	Phrase	Ich komme aus Frankreich.	I come from France.				Blue		Dictionary	de	en						2022-10-07 17:26	"
Ich komme aus Frankreich.
"	"
I come from France.
"	"
I'm from France.
"			1667841977549.mp3
PHRASE-YT|de|0c803f3c9ac53f98	Phrase	Sie sagt immer nur nein.	She always says no.				Blue		Dictionary	de	en						2022-10-07 17:26	"
Sie sagt immer nur nein.
"	"
She always says no.
"	"
She always says no.
"			1667841972396.mp3
PHRASE-YT|de|ce95453329043ab2	Phrase	Ich sag's ja nur!	I'm just saying it!				Blue		Dictionary	de	en						2022-10-07 17:26	"
Ich sag's ja nur!
"	"
I'm just saying it!
"				1667841970900.mp3
PHRASE-YT|de|5b4e5f7140cfc391	Phrase	Gibt es schon etwas Neues?	Is there anything new yet?				Blue		Dictionary	de	en						2022-10-07 17:26	"
Gibt es schon etwas Neues?
"	"
Is there anything new yet?
"	"
Is there any news?
"			1667841965692.mp3
PHRASE-YT|de|245d49190da58cfe	Phrase	Das gibt sich wieder.	This is reflected again.				Blue		Dictionary	de	en						2022-10-07 17:26	"
Das gibt sich wieder.
"	"
This is reflected again.
"				1667841964848.mp3
PHRASE-YT|de|9c782ae10dbd53a7	Phrase	Es gab viel zu tun.	There was a lot to do.				Blue		Dictionary	de	en						2022-10-07 17:26	"
Es gab viel zu tun.
"	"
There was a lot to do.
"				1667841963698.mp3
PHRASE-YT|de|ea749c921fa39450	Phrase	Er sieht jetzt viel besser aus.	He looks much better now.				Blue		Dictionary	de	en						2022-10-07 17:25	"
Er sieht jetzt viel besser aus.
"	"
He looks much better now.
"	"
He looks much better now.
"			1667841956502.mp3
PHRASE-YT|de|91bb8f4188b052bf	Phrase	Das sehe ich auch so!	I agree!				Blue		Dictionary	de	en						2022-10-07 17:25	"
Das sehe ich auch so!
"	"
I agree!
"				1667841955703.mp3
PHRASE-YT|de|9ca3132cc00a30cd	Phrase	Lass mal sehen!	Let's see!				Blue		Dictionary	de	en						2022-10-07 17:25	"
Lass mal sehen!
"	"
Let's see!
"				1667841955179.mp3
PHRASE-YT|de|96492e0b99c9eb12	Phrase	Ich habe ihn kommen sehen.	I saw him coming.				Blue		Dictionary	de	en						2022-10-07 17:25	"
Ich habe ihn kommen sehen.
"	"
I saw him coming.
"				1667841954024.mp3
PHRASE-YT|de|d616df6a3620c3af	Phrase	Das geht keinen etwas an.	That is nobody's business.				Blue		Dictionary	de	en						2022-10-07 17:25	"
Das geht keinen etwas an.
"	"
That is nobody's business.
"				1667841948849.mp3
PHRASE-YT|de|43338115e210d2e9	Phrase	Einer ist besser als keiner.	One is better than none.				Blue		Dictionary	de	en						2022-10-07 17:25	"
Einer ist besser als keiner.
"	"
One is better than none.
"	"
One is better than none.
"			1667841948087.mp3
PHRASE-YT|de|8361d403207c691e	Phrase	Das ist doch kein Leben!	That's not life!				Blue		Dictionary	de	en						2022-10-07 17:25	"
Das ist doch kein Leben!
"	"
That's not life!
"	"
This is no life!
"			1667841947273.mp3
PHRASE-YT|de|b90d20c33a665e81	Phrase	Keiner wusste etwas.	No one knew anything.				Blue		Dictionary	de	en						2022-10-07 17:25	"
Keiner wusste etwas.
"	"
No one knew anything.
"				1667841946750.mp3
PHRASE-YT|de|f40cc1bf4d7988f1	Phrase	Ich möchte heute etwas anderes machen.	I want to do something different today.				Blue		Dictionary	de	en						2022-10-07 17:25	"
Ich möchte heute etwas anderes machen.
"	"
I want to do something different today.
"	"
I would like to do something else today.
"			1667841941372.mp3
PHRASE-YT|de|1107fc946a06a5a6	Phrase	Ich würde es wieder so machen.	I would do it again.				Blue		Dictionary	de	en						2022-10-07 17:25	"
Ich würde es wieder so machen.
"	"
I would do it again.
"				1667841940811.mp3
PHRASE-YT|de|b48a2e850e6e824c	Phrase	Sie macht es sich nicht einfach.	She doesn't make it easy for herself.				Blue		Dictionary	de	en						2022-10-07 17:25	"
Sie macht es sich nicht einfach.
"	"
She doesn't make it easy for herself.
"	"
She's not making it easy for herself.
"			1667841940142.mp3
PHRASE-YT|de|9604e39a8fd25b14	Phrase	Man kann es so oder so machen.	You can do it one way or the other.				Blue		Dictionary	de	en						2022-10-07 17:25	"
Man kann es so oder so machen.
"	"
You can do it one way or the other.
"				1667841934627.mp3
PHRASE-YT|de|029d0a6633d993b6	Phrase	Müssen wir jetzt wirklich Müssen oder nicht?	Do we really have to now or not?				Blue		Dictionary	de	en						2022-10-07 17:25	"
Müssen wir jetzt wirklich Müssen oder nicht?
"	"
Do we really have to now or not?
"				1667841933727.mp3
PHRASE-YT|de|0b6b3bbf2cfaba2d	Phrase	"Es weiß doch jeder, oder?"	"Everyone knows it, doesn't they?"				Blue		Dictionary	de	en						2022-10-07 17:25	"
Es weiß doch jeder, oder?
"	"
Everyone knows it, doesn't they?
"				1667841932827.mp3
PHRASE-YT|de|3f8996e33693f7a8	Phrase	"Na, der kann's ja, oder?"	"Well, he can do it, right?"				Blue		Dictionary	de	en						2022-10-07 17:25	"
Na, der kann's ja, oder?
"	"
Well, he can do it, right?
"				1667841932110.mp3
PHRASE-YT|de|bd29235f7470c36e	Phrase	"Was ist besser, Geocaching oder Tatoeba?"	"Which is better, geocaching or Tatoeba?"				Blue		Dictionary	de	en						2022-10-07 17:25	"
Was ist besser, Geocaching oder Tatoeba?
"	"
Which is better, geocaching or Tatoeba?
"				1667841931190.mp3
PHRASE-YT|de|3d77970f1644e9e2	Phrase	Warum sagt er das? Denkt mal nach!	Why does he say that? Think about it!				Blue		Dictionary	de	en						2022-10-07 17:25	"
Warum sagt er das? Denkt mal nach!
"	"
Why does he say that? Think about it!
"				1667841925561.mp3
PHRASE-YT|de|1714a59903c7a7aa	Phrase	So etwas sagt man nicht!	You don't say that!				Blue		Dictionary	de	en						2022-10-07 17:25	"
So etwas sagt man nicht!
"	"
You don't say that!
"				1667841924318.mp3
PHRASE-YT|de|143d0e22798d0ae2	Phrase	Aber es geht hier um etwas anderes.	But this is about something else.				Blue		Dictionary	de	en						2022-10-07 17:25	"
Aber es geht hier um etwas anderes.
"	"
But this is about something else.
"				1667841917692.mp3
PHRASE-YT|de|202d58cec257bc33	Phrase	Ich komme um zehn.	I'll be there at ten.				Blue		Dictionary	de	en						2022-10-07 17:25	"
Ich komme um zehn.
"	"
I'll be there at ten.
"				1667841916943.mp3
PHRASE-YT|de|89abdfbd5b9116d2	Phrase	"Muss man denken, um zu sein?"	Do you have to think to be?				Blue		Dictionary	de	en						2022-10-07 17:25	"
Muss man denken, um zu sein?
"	"
Do you have to think to be?
"				1667841916087.mp3
PHRASE-YT|de|c7560ba48d06b8e1	Phrase	Um sieben bin ich wieder da.	I'll be back at seven.				Blue		Dictionary	de	en						2022-10-07 17:25	"
Um sieben bin ich wieder da.
"	"
I'll be back at seven.
"	"
At seven I'll be back.
"			1667841915328.mp3
PHRASE-YT|de|1ce461c69ebc1525	Phrase	Warum sind Sie immer noch hier?	Why are you still here?				Blue		Dictionary	de	en						2022-10-07 17:25	"
Warum sind Sie immer noch hier?
"	"
Why are you still here?
"	"
Why are you still here?
"			1667841909366.mp3
PHRASE-YT|de|5c0c9f2b3068b3e5	Phrase	Was geht hier vor?	What's going on?				Blue		Dictionary	de	en						2022-10-07 17:25	"
Was geht hier vor?
"	"
What's going on?
"				1667841908589.mp3
PHRASE-YT|de|fdaeee24eebadfe3	Phrase	Hier lässt es sich leben.	Here you can live.				Blue		Dictionary	de	en						2022-10-07 17:25	"
Hier lässt es sich leben.
"	"
Here you can live.
"				1667841907705.mp3
PHRASE-YT|de|2396b0dfa88d4b04	Phrase	Allen anderen geht es besser als mir.	Everyone else is better off than me.				Blue		Dictionary	de	en						2022-10-07 17:25	"
Allen anderen geht es besser als mir.
"	"
Everyone else is better off than me.
"				1667841900302.mp3
PHRASE-YT|de|70e1d5eeb6d2b907	Phrase	Tausend können mehr als einer.	A thousand can do more than one.				Blue		Dictionary	de	en						2022-10-07 17:24	"
Tausend können mehr als einer.
"	"
A thousand can do more than one.
"				1667841898792.mp3
PHRASE-YT|de|5b76d7aaffab7a2b	Phrase	Mein Mercedes ist größer als deiner.	My Mercedes is bigger than yours.				Blue		Dictionary	de	en						2022-10-07 17:24	"
Mein Mercedes ist größer als deiner.
"	"
My Mercedes is bigger than yours.
"				1667841897285.mp3
PHRASE-YT|de|b8bc536bf621bbca	Phrase	"Tom sieht so aus, als wollte er etwas sagen."	Tom looks like he wants to say something.				Blue		Dictionary	de	en						2022-10-07 17:24	"
Tom sieht so aus, als wollte er etwas sagen.
"	"
Tom looks like he wants to say something.
"	"
Tom looks like he wants to say something.
"			1667841894594.mp3
PHRASE-YT|de|a7d88e5a3d713e51	Phrase	"Sie kam nach Tokio, als sie 18 war."	She came to Tokyo when she was 18.				Blue		Dictionary	de	en						2022-10-07 17:24	"
Sie kam nach Tokio, als sie 18 war.
"	"
She came to Tokyo when she was 18.
"	"
She came to Tokyo when she was 18.
"			1667841893784.mp3
PHRASE-YT|de|4fd1ebfd914a2695	Phrase	"Er tat so, als würde er gehen."	He pretended to leave.				Blue		Dictionary	de	en						2022-10-07 17:24	"
Er tat so, als würde er gehen.
"	"
He pretended to leave.
"				1667841893237.mp3
PHRASE-YT|de|14f19ab019bab1f3	Phrase	"Es ist einfacher, als ich dachte."	It's easier than I thought.				Blue		Dictionary	de	en						2022-10-07 17:24	"
Es ist einfacher, als ich dachte.
"	"
It's easier than I thought.
"	"
It is easier than I thought.
"			1667841892586.mp3
PHRASE-YT|de|1a58f2d553693e41	Phrase	"Tom ist besser, als ich es bin."	Tom is better than I am.				Blue		Dictionary	de	en						2022-10-07 17:24	"
Tom ist besser, als ich es bin.
"	"
Tom is better than I am.
"				1667841891999.mp3
PHRASE-YT|de|c7a3184c5501c578	Phrase	Jetzt ist alles aus!	Now it's all over!				Blue		Dictionary	de	en						2022-10-07 17:24	"
Jetzt ist alles aus!
"	"
Now it's all over!
"	"
It's all over now.
"			1667841877592.mp3
PHRASE-YT|de|270e14e4c7d523a4	Phrase	Das sagt alles.	That says it all.				Blue		Dictionary	de	en						2022-10-07 17:24	"
Das sagt alles.
"	"
That says it all.
"	"
That says it all.
"			1667841877084.mp3
PHRASE-YT|de|f9780169003447d8	Phrase	So kann man es auch sagen.	That's how you can say it.				Blue		Dictionary	de	en						2022-10-07 17:24	"
So kann man es auch sagen.
"	"
That's how you can say it.
"				1667841870616.mp3
PHRASE-YT|de|d080296be42ea398	Phrase	Machst du auch schon Geocaching?	Are you already doing geocaching?				Blue		Dictionary	de	en						2022-10-07 17:24	"
Machst du auch schon Geocaching?
"	"
Are you already doing geocaching?
"				1667841869697.mp3
PHRASE-YT|de|73552c717ba45872	Phrase	Das ist schon viel besser.	That's much better.				Blue		Dictionary	de	en						2022-10-07 17:24	"
Das ist schon viel besser.
"	"
That's much better.
"				1667841863594.mp3
PHRASE-YT|de|e0817bceee650d46	Phrase	Mir geht es auch sehr gut.	I'm also doing very well.				Blue		Dictionary	de	en						2022-10-07 17:24	"
Mir geht es auch sehr gut.
"	"
I'm also doing very well.
"				1667841863038.mp3
PHRASE-YT|de|1b1eb672adfc1d06	Phrase	"Ja schon, aber nicht so viel!"	"Yes, but not so much!"				Blue		Dictionary	de	en						2022-10-07 17:24	"
Ja schon, aber nicht so viel!
"	"
Yes, but not so much!
"				1667841854473.mp3
PHRASE-YT|de|a5728ffafc994249	Phrase	"Ja, aber so nicht!"	"Yes, but not like that!"				Blue		Dictionary	de	en						2022-10-07 17:24	"
Ja, aber so nicht!
"	"
Yes, but not like that!
"				1667841853493.mp3
PHRASE-YT|de|2a1c3063e878c97b	Phrase	Aber nicht doch!	But it doesn't!				Blue		Dictionary	de	en						2022-10-07 17:24	"
Aber nicht doch!
"	"
But it doesn't!
"				1667841852754.mp3
PHRASE-YT|de|98703528e80f3790	Phrase	Aber auch das ist noch nicht alles.	But that's not all.				Blue		Dictionary	de	en						2022-10-07 17:24	"
Aber auch das ist noch nicht alles.
"	"
But that's not all.
"				1667841851153.mp3
PHRASE-YT|de|569e4b2bed0e8373	Phrase	Jetzt gehe ich aber wirklich.	But now I'm really going.				Blue		Dictionary	de	en						2022-10-07 17:24	"
Jetzt gehe ich aber wirklich.
"	"
But now I'm really going.
"				1667841850218.mp3
PHRASE-YT|de|ab69f9ad2b36e536	Phrase	Das kannst du aber gut.	But you can do that well.				Blue		Dictionary	de	en						2022-10-07 17:24	"
Das kannst du aber gut.
"	"
But you can do that well.
"	"
You're good at this.
"			1667841849425.mp3
PHRASE-YT|de|f3b3b925987729f1	Phrase	Das war aber vor dreißig Jahren.	But that was thirty years ago.				Blue		Dictionary	de	en						2022-10-07 17:24	"
Das war aber vor dreißig Jahren.
"	"
But that was thirty years ago.
"				1667841848708.mp3
PHRASE-YT|de|d2bd662f7594c7c7	Phrase	So geht das aber nicht!	But that's not how it works!				Blue		Dictionary	de	en						2022-10-07 17:24	"
So geht das aber nicht!
"	"
But that's not how it works!
"				1667841847841.mp3
PHRASE-YT|de|c6028d2064cfca6a	Phrase	Meine Zeit ist noch nicht gekommen.	My time has not yet come.				Blue		Dictionary	de	en						2022-10-07 17:24	"
Meine Zeit ist noch nicht gekommen.
"	"
My time has not yet come.
"	"
My time has not yet come.
"			1667841842235.mp3
PHRASE-YT|de|3dcb5ddaca4f76a3	Phrase	Heute ist mein Tag.	Today is my day.				Blue		Dictionary	de	en						2022-10-07 17:24	"
Heute ist mein Tag.
"	"
Today is my day.
"	"
Today is my day.
"			1667841841356.mp3
PHRASE-YT|de|7d72935f7ffb407a	Phrase	Dein Nasenloch ist viel größer als meines.	Your nostril is much bigger than mine.				Blue		Dictionary	de	en						2022-10-07 17:24	"
Dein Nasenloch ist viel größer als meines.
"	"
Your nostril is much bigger than mine.
"				1667841840399.mp3
PHRASE-YT|de|01e31959656588af	Phrase	Ich habe meine Tage.	I have my days.				Blue		Dictionary	de	en						2022-10-07 17:23	"
Ich habe meine Tage.
"	"
I have my days.
"				1667841839482.mp3
PHRASE-YT|de|308adbaae740e239	Phrase	Ach du meine Güte!	Oh my goodness!				Blue		Dictionary	de	en						2022-10-07 17:23	"
Ach du meine Güte!
"	"
Oh my goodness!
"	"
Oh my goodness!
"			1667841838664.mp3
PHRASE-YT|de|b5ae545c23e3b31c	Phrase	Ist es so etwas wie meins?	Is it something like mine?				Blue		Dictionary	de	en						2022-10-07 17:23	"
Ist es so etwas wie meins?
"	"
Is it something like mine?
"	"
Is it anything like mine?
"			1667841837088.mp3
PHRASE-YT|de|09cf1a7929b49590	Phrase	Meines Wissens wird er nicht kommen.	"As far as I know, it will not come."				Blue		Dictionary	de	en						2022-10-07 17:23	"
Meines Wissens wird er nicht kommen.
"	"
As far as I know, it will not come.
"	"
To the best of my knowledge, he will not come.
"			1667841836186.mp3
PHRASE-YT|de|443f173d09a37eeb	Phrase	Meines Wissens ist sie noch da.	"As far as I know, it is still there."				Blue		Dictionary	de	en						2022-10-07 17:23	"
Meines Wissens ist sie noch da.
"	"
As far as I know, it is still there.
"	"
To the best of my knowledge, she hasn't left yet.
"			1667841835283.mp3
PHRASE-YT|de|2b8155be7a508a0d	Phrase	Ich will etwas aus meinem Leben machen.	I want to make something of my life.				Blue		Dictionary	de	en						2022-10-07 17:23	"
Ich will etwas aus meinem Leben machen.
"	"
I want to make something of my life.
"	"
I want to do something with my life.
"			1667841834215.mp3
PHRASE-YT|de|4f1ded8da7135521	Phrase	Ich bin mein Leben.	I am my life.				Blue		Dictionary	de	en						2022-10-07 17:23	"
Ich bin mein Leben.
"	"
I am my life.
"				1667841833201.mp3
PHRASE-YT|de|4ec75587579e5cff	Phrase	"Sie mag gehen, wenn sie will."	She likes to leave if she wants to.				Blue		Dictionary	de	en						2022-10-07 17:23	"
Sie mag gehen, wenn sie will.
"	"
She likes to leave if she wants to.
"	"
She can go if she wants.
"			1667841827348.mp3
PHRASE-YT|de|cdf88e4e4fed822b	Phrase	"Wir machen das, wenn er kommt."	We'll do it when he comes.				Blue		Dictionary	de	en						2022-10-07 17:23	"
Wir machen das, wenn er kommt.
"	"
We'll do it when he comes.
"				1667841826209.mp3
PHRASE-YT|de|b70b3ae6921c92ba	Phrase	"Wenn du kommst, dann kommst du."	"When you come, you come."				Blue		Dictionary	de	en						2022-10-07 17:23	"
Wenn du kommst, dann kommst du.
"	"
When you come, you come.
"				1667841825356.mp3
PHRASE-YT|de|8268c0731e48f66f	Phrase	Wenn ich das gewusst hätte!	If only I had known!				Blue		Dictionary	de	en						2022-10-07 17:23	"
Wenn ich das gewusst hätte!
"	"
If only I had known!
"				1667841824473.mp3
PHRASE-YT|de|90534cf7f6d6dcf3	Phrase	Wenn ich so sein könnte...	If I could be like that...				Blue		Dictionary	de	en						2022-10-07 17:23	"
Wenn ich so sein könnte...
"	"
If I could be like that...
"	"
If I could be like that...
"			1667841823947.mp3
PHRASE-YT|de|e052af165323e34c	Phrase	"Leute, so geht das wirklich nicht."	"Folks, that's really not how it works."				Blue		Dictionary	de	en						2022-10-07 17:23	"
Leute, so geht das wirklich nicht.
"	"
Folks, that's really not how it works.
"				1667841815772.mp3
PHRASE-YT|de|3dd9b79a041890b3	Phrase	Das kann man nicht so lassen.	You can't leave it that way.				Blue		Dictionary	de	en						2022-10-07 17:23	"
Das kann man nicht so lassen.
"	"
You can't leave it that way.
"	"
You can't leave it like that.
"			1667841815213.mp3
PHRASE-YT|de|424d01eeb0baa754	Phrase	Um so besser!	So much the better!				Blue		Dictionary	de	en						2022-10-07 17:23	"
Um so besser!
"	"
So much the better!
"	"
That's even better.
"			1667841814099.mp3
PHRASE-YT|de|d8897f97f320df87	Phrase	Wie leben wir im Jahr 2030?	How will we live in 2030?				Blue		Dictionary	de	en						2022-10-07 17:23	"
Wie leben wir im Jahr 2030?
"	"
How will we live in 2030?
"				1667841808473.mp3
PHRASE-YT|de|398a4bf4ee8c2130	Phrase	"Tom macht alles so, wie er will."	Tom does everything the way he wants.				Blue		Dictionary	de	en						2022-10-07 17:23	"
Tom macht alles so, wie er will.
"	"
Tom does everything the way he wants.
"				1667841807437.mp3
PHRASE-YT|de|0ddd9bbf6487175a	Phrase	Es gab so gut wie nichts.	There was next to nothing.				Blue		Dictionary	de	en						2022-10-07 17:23	"
Es gab so gut wie nichts.
"	"
There was next to nothing.
"				1667841806873.mp3
PHRASE-YT|de|fe34a1142beaedfc	Phrase	Wie geht es ihm?	How is he?				Blue		Dictionary	de	en						2022-10-07 17:23	"
Wie geht es ihm?
"	"
How is he?
"				1667841805976.mp3
PHRASE-YT|de|7fe5a3a9b27be6ce	Phrase	"So wie jedes Jahr, James!"	"Just like every year, James!"				Blue		Dictionary	de	en						2022-10-07 17:23	"
So wie jedes Jahr, James!
"	"
Just like every year, James!
"				1667841802785.mp3
PHRASE-YT|de|0653156ae65e8129	Phrase	Wie viel Zeit haben wir noch?	How much time do we have left?				Blue		Dictionary	de	en						2022-10-07 17:23	"
Wie viel Zeit haben wir noch?
"	"
How much time do we have left?
"				1667841801818.mp3
PHRASE-YT|de|555ba294291a6c87	Phrase	"""Gibt's was Neues?"" ""Nein, alles wie immer."""	"""Is there anything new?"" ""No, everything as always."""				Blue		Dictionary	de	en						2022-10-07 17:23	"
""Gibt's was Neues?"" ""Nein, alles wie immer.""
"	"
""Is there anything new?"" ""No, everything as always.""
"	"
""Any news?"" ""No, everything's still the same.""
"			1667841800942.mp3
PHRASE-YT|de|00bbc79577032724	Phrase	Wie viel ist vier mal sechs?	How much is four times six?				Blue		Dictionary	de	en						2022-10-07 17:23	"
Wie viel ist vier mal sechs?
"	"
How much is four times six?
"	"
How much is four times six?
"			1667841798852.mp3
PHRASE-YT|de|2b6b8562efe9057d	Phrase	"Wie es auch sei, das Leben, es ist gut."	"Be that as it may, life, it's good."				Blue		Dictionary	de	en						2022-10-07 17:23	"
Wie es auch sei, das Leben, es ist gut.
"	"
Be that as it may, life, it's good.
"				1667841797856.mp3
PHRASE-YT|de|16fb0f17bc9705d9	Phrase	Sami sah aus wie Bart Simpson.	Sami looked like Bart Simpson.				Blue		Dictionary	de	en						2022-10-07 17:23	"
Sami sah aus wie Bart Simpson.
"	"
Sami looked like Bart Simpson.
"	"
Sami looked like Bart Simpson.
"			1667841797035.mp3
PHRASE-YT|de|faee91809ef696a6	Phrase	"Es ist ganz so, wie ich dachte."	It's just as I thought.				Blue		Dictionary	de	en						2022-10-07 17:23	"
Es ist ganz so, wie ich dachte.
"	"
It's just as I thought.
"				1667841796462.mp3
PHRASE-YT|de|0e5fd09357991fb1	Phrase	Er will so wie ich werden.	He wants to become like me.				Blue		Dictionary	de	en						2022-10-07 17:23	"
Er will so wie ich werden.
"	"
He wants to become like me.
"				1667841795853.mp3
PHRASE-YT|de|aad4dcabe38ac867	Phrase	"Ich weiß, wie man es macht."	I know how to do it.				Blue		Dictionary	de	en						2022-10-07 17:23	"
Ich weiß, wie man es macht.
"	"
I know how to do it.
"	"
I know how to do it.
"			1667841794954.mp3
PHRASE-YT|de|edad7c03a4776a0a	Phrase	Es kommt alles an den Tag.	It all comes to light.				Blue		Dictionary	de	en						2022-10-07 17:23	"
Es kommt alles an den Tag.
"	"
It all comes to light.
"				1667841785875.mp3
PHRASE-YT|de|44ceb9ebfb2671fb	Phrase	Stell dich mal nicht so an!	Don't act like that!				Blue		Dictionary	de	en						2022-10-07 17:23	"
Stell dich mal nicht so an!
"	"
Don't act like that!
"				1667841784978.mp3
PHRASE-YT|de|901ef7d8d2c69aa0	Phrase	Sie dachte an ihn.	She thought of him.				Blue		Dictionary	de	en						2022-10-07 17:23	"
Sie dachte an ihn.
"	"
She thought of him.
"				1667841784104.mp3
PHRASE-YT|de|5ab18abbad867447	Phrase	Was geht dich das an?	What does that matter to you?				Blue		Dictionary	de	en						2022-10-07 17:23	"
Was geht dich das an?
"	"
What does that matter to you?
"	"
What does it concern you?
"			1667841783284.mp3
PHRASE-YT|de|6dc9df928037e4ed	Phrase	Das ist immer noch neu für mich.	This is still new to me.				Blue		Dictionary	de	en						2022-10-07 16:47	"
Das ist immer noch neu für mich.
"	"
This is still new to me.
"	"
It's still new to me.
"			1667839665179.mp3
PHRASE-YT|de|7e07a99395294802	Phrase	Was ist das für ein Leben?	What kind of life is this?				Blue		Dictionary	de	en						2022-10-07 16:47	"
Was ist das für ein Leben?
"	"
What kind of life is this?
"				1667839664462.mp3
PHRASE-YT|de|d8d77ee2824c833f	Phrase	Für nichts gibt man nichts.	You don't give anything for anything.				Blue		Dictionary	de	en						2022-10-07 16:47	"
Für nichts gibt man nichts.
"	"
You don't give anything for anything.
"				1667839663920.mp3
PHRASE-YT|de|ade442328de29fb1	Phrase	Tu etwas für andere.	Do something for others.				Blue		Dictionary	de	en						2022-10-07 16:47	"
Tu etwas für andere.
"	"
Do something for others.
"				1667839663050.mp3
PHRASE-YT|de|fe47bb7c1d8125b8	Phrase	"Sie wollen nicht, dass Sie es wissen."	You don't want you to know.				Blue		Dictionary	de	en						2022-10-07 16:47	"
Sie wollen nicht, dass Sie es wissen.
"	"
You don't want you to know.
"				1667839657862.mp3
PHRASE-YT|de|0239e899ca07aa71	Phrase	"Denkst du, dass ich das will?"	Do you think I want that?				Blue		Dictionary	de	en						2022-10-07 16:47	"
Denkst du, dass ich das will?
"	"
Do you think I want that?
"	"
Do you think I want this?
"			1667839656966.mp3
PHRASE-YT|de|ecbafd7b5a976f38	Phrase	"Dass das so ist, finde ich gut."	I think it's good that this is the case.				Blue		Dictionary	de	en						2022-10-07 16:47	"
Dass das so ist, finde ich gut.
"	"
I think it's good that this is the case.
"				1667839656406.mp3
PHRASE-YT|de|e4d64baed7634913	Phrase	"Es ist Zeit, dass wir gehen!"	It's time for us to go!				Blue		Dictionary	de	en						2022-10-07 16:47	"
Es ist Zeit, dass wir gehen!
"	"
It's time for us to go!
"				1667839655792.mp3
PHRASE-YT|de|f1a76f7a0584d1eb	Phrase	Wart ihr schon mal in Frankreich?	Have you ever been to France?				Blue		Dictionary	de	en						2022-10-07 16:47	"
Wart ihr schon mal in Frankreich?
"	"
Have you ever been to France?
"	"
Have you ever been to France?
"			1667839649615.mp3
PHRASE-YT|de|eeb79c2d68ad5d54	Phrase	Was wollt ihr?	What do you want?				Blue		Dictionary	de	en						2022-10-07 16:47	"
Was wollt ihr?
"	"
What do you want?
"				1667839648581.mp3
PHRASE-YT|de|470414ae1d2b54ea	Phrase	Ich werde es ihr sagen.	I will tell her.				Blue		Dictionary	de	en						2022-10-07 16:47	"
Ich werde es ihr sagen.
"	"
I will tell her.
"				1667839647731.mp3
PHRASE-YT|de|dff2d1e9884fec8c	Phrase	Ich bin so gut wie ihr.	I am as good as you.				Blue		Dictionary	de	en						2022-10-07 16:47	"
Ich bin so gut wie ihr.
"	"
I am as good as you.
"				1667839646943.mp3
PHRASE-YT|de|56d6835c985937a4	Phrase	"Ihr wisst nicht, wer ich bin."	You don't know who I am.				Blue		Dictionary	de	en						2022-10-07 16:47	"
Ihr wisst nicht, wer ich bin.
"	"
You don't know who I am.
"				1667839646020.mp3
PHRASE-YT|de|db82104ce78991ee	Phrase	"Man sieht nur das, was man weiß."	You only see what you know.				Blue		Dictionary	de	en						2022-10-07 16:47	"
Man sieht nur das, was man weiß.
"	"
You only see what you know.
"	"
You only see what you know.
"			1667839640502.mp3
PHRASE-YT|de|c86d51a3e499b428	Phrase	Gibt es so etwas auch auf Deutsch?	Is there such a thing on German?				Blue		Dictionary	de	en						2022-10-07 16:47	"
Gibt es so etwas auch auf Deutsch?
"	"
Is there such a thing on German?
"				1667839635175.mp3
PHRASE-YT|de|44153869839f3fbf	Phrase	Tom geht schon auf die 90 zu.	Tom is already approaching 90.				Blue		Dictionary	de	en						2022-10-07 16:47	"
Tom geht schon auf die 90 zu.
"	"
Tom is already approaching 90.
"				1667839634618.mp3
PHRASE-YT|de|432d1c4e7e0f4e89	Phrase	Esperanto macht Lust auf mehr.	Esperanto makes you want more.				Blue		Dictionary	de	en						2022-10-07 16:47	"
Esperanto macht Lust auf mehr.
"	"
Esperanto makes you want more.
"				1667839633970.mp3
PHRASE-YT|de|e15fcf60e6113890	Phrase	Gibst du jetzt auf?	Are you giving up now?				Blue		Dictionary	de	en						2022-10-07 16:47	"
Gibst du jetzt auf?
"	"
Are you giving up now?
"				1667839632886.mp3
PHRASE-YT|de|1ccbc97b587afc7d	Phrase	Hör doch auf!	Stop it!				Blue		Dictionary	de	en						2022-10-07 16:47	"
Hör doch auf!
"	"
Stop it!
"				1667839632338.mp3
PHRASE-YT|de|62b626ad9742f62c	Phrase	Alles Leben kommt vom Leben.	All life comes from life.				Blue		Dictionary	de	en						2022-10-07 16:47	"
Alles Leben kommt vom Leben.
"	"
All life comes from life.
"				1667839624942.mp3
PHRASE-YT|de|5163afedd5cf9d84	Phrase	Ist sie von hier?	Is she from here?				Blue		Dictionary	de	en						2022-10-07 16:47	"
Ist sie von hier?
"	"
Is she from here?
"	"
Does she come from here?
"			1667839623955.mp3
PHRASE-YT|de|b6c6c093c2f74aae	Phrase	Ich sehe von hier aus nichts.	I don't see anything from here.				Blue		Dictionary	de	en						2022-10-07 16:47	"
Ich sehe von hier aus nichts.
"	"
I don't see anything from here.
"	"
I can't see anything from here.
"			1667839623121.mp3
PHRASE-YT|de|3b62e8aaa79a18d2	Phrase	Ich hatte nicht viel von ihm.	I didn't have much of him.				Blue		Dictionary	de	en						2022-10-07 16:47	"
Ich hatte nicht viel von ihm.
"	"
I didn't have much of him.
"				1667839622205.mp3
PHRASE-YT|de|0fd6c1e31a8c287c	Phrase	Machst du das immer noch mit Tom?	Are you still doing that with Tom?				Blue		Dictionary	de	en						2022-10-07 16:46	"
Machst du das immer noch mit Tom?
"	"
Are you still doing that with Tom?
"	"
Do you still do that with Tom?
"			1667839614354.mp3
PHRASE-YT|de|5d93d17458e642b2	Phrase	Ich meine es gut mit Ihnen.	I mean well with you.				Blue		Dictionary	de	en						2022-10-07 16:46	"
Ich meine es gut mit Ihnen.
"	"
I mean well with you.
"				1667839613539.mp3
PHRASE-YT|de|4797b4e7d95ddd55	Phrase	Man muss mit der Zeit gehen.	You have to move with the times.				Blue		Dictionary	de	en						2022-10-07 16:46	"
Man muss mit der Zeit gehen.
"	"
You have to move with the times.
"	"
You need to move with the times.
"			1667839612981.mp3
PHRASE-YT|de|b4e177b3f7d09039	Phrase	Wer kommt mit mir?	Who is coming with me?				Blue		Dictionary	de	en						2022-10-07 16:46	"
Wer kommt mit mir?
"	"
Who is coming with me?
"				1667839612169.mp3
PHRASE-YT|de|84b73590870a80e6	Phrase	-Können wir nach Hause? -[Bartosz] Wir sind gleich da.	-Can we go home? - [Bartosz] We'll be right over.				Blue		Netflix	de	en			425	80114790	Dark E1 Secrets	2022-10-07 16:46	"[Mikkel] Mir ist langweilig.
-Können wir nach Hause? -[Bartosz] Wir sind gleich da.
[langer, hoher Piepton]"	"[Mikkel] I'm bored.
-Can we go home? - [Bartosz] We'll be right over.
[long, high beep]"	"I'm bored.
-Can we please go home now? -Nonsense, we're nearly there.
"	1667839603156_prev.jpg	1667839603156_next.jpg	1667839603156.mp3
PHRASE-YT|de|2bf9d3c5f138aec3	Phrase	Können wir...	Can we...				Blue		Netflix	de	en			506	80114790	Dark E1 Secrets	2022-10-07 16:46	"Ähm...
Können wir...
Ich muss dir... dir..."	"Um ...
Can we...
I have to ... you ..."	"
Can we...
I have to tell you..."	1667839602326_prev.jpg	1667839602326_next.jpg	1667839602326.mp3
PHRASE-YT|de|94db377ec1122fb7	Phrase	Die können sozusagen in die Zukunft schauen.	"They can look into the future, so to speak."				Blue		Netflix	de	en			301	80114790	Dark E1 Secrets	2022-10-07 16:46	"Narben spüren so was.
Die können sozusagen in die Zukunft schauen.
Das Gewebe verhärtet sich... und verkrampft."	"Scars feel something like that.
They can look into the future, so to speak.
The tissue hardens ... and cramps."	"Scars sense that.
They can see into the future, so to speak.
The tissue hardens and cramps up."	1667839599660_prev.jpg	1667839599660_next.jpg	1667839599660.mp3
PHRASE-YT|de|c39d98718350d09a	Phrase	-Statistiken sprechen... -Wir können nicht einfach nichts tun.	statistics speak ... we can not just do nothing.				Blue		Netflix	de	en			382	80114790	Dark E1 Secrets	2022-10-07 16:46	"Hier rennen nicht irgendwelche Mörder rum.
-Statistiken sprechen... -Wir können nicht einfach nichts tun.
Und abwarten, bis Erik vielleicht tot aufgefunden wird."	"There are not any killers running around here.
statistics speak ... we can not just do nothing.
And wait until Erik is found dead."	"There are no murderers running around here.
-Statistics only give... -But we can't just sit and do nothing.
And just wait around until Erik is found dead somewhere."	1667839598348_prev.jpg	1667839598348_next.jpg	1667839598348.mp3
PHRASE-YT|de|ea9de45bf61c34af	Phrase	-[Magnus] Laber nicht. Der ist abgehauen. -[Mikkel] Aber das kann doch sein.	- [Magnus] Laber not. He left. - [Mikkel] But that can be.				Blue		Netflix	de	en			388	80114790	Dark E1 Secrets	2022-10-07 16:46	"der ihn eingesperrt hat.
-[Magnus] Laber nicht. Der ist abgehauen. -[Mikkel] Aber das kann doch sein.
Dass er eingesperrt ist und nicht rauskann."	"who locked him up.
- [Magnus] Laber not. He left. - [Mikkel] But that can be.
That he is locked up and can not get out."	"and has him locked up in a basement.
Oh, shut up. He just ran away. But it could be that he's locked up somewhere and can't get out.
But it could be that he's locked up somewhere and can't get out."	1667839596976_prev.jpg	1667839596976_next.jpg	1667839596976.mp3
PHRASE-YT|de|dbc82290fc73245d	Phrase	Können wir jetzt das Thema wechseln?	Can we change the subject now?				Blue		Netflix	de	en			401	80114790	Dark E1 Secrets	2022-10-07 16:46	"Niemand ist tot. Und niemand wird nicht gefunden.
Können wir jetzt das Thema wechseln?
Wichtig ist, dass wir zusammenhalten. Dass wir an einem Strang ziehen."	"Nobody is dead. And nobody is not found.
Can we change the subject now?
It is important that we stick together. That we pull together."	"No one is dead, and no one won't be found, okay?
Can we please change the topic now?
The most important thing is that we stick together. That we pull together."	1667839595134_prev.jpg	1667839595134_next.jpg	1667839595134.mp3
PHRASE-YT|de|872889fcdbee21f0	Phrase	Sie müssen dies für mich tun.	You have to do this for me.				Blue		Dictionary	de	en						2022-10-07 16:46	"
Sie müssen dies für mich tun.
"	"
You have to do this for me.
"				1667839588962.mp3
PHRASE-YT|de|662f607d467b33fa	Phrase	"Wisst ihr, wer diese Leute sind?"	Do you know who these people are?				Blue		Dictionary	de	en						2022-10-07 16:46	"
Wisst ihr, wer diese Leute sind?
"	"
Do you know who these people are?
"	"
Do you know who those people are?
"			1667839588020.mp3
PHRASE-YT|de|2b7480b608799bcd	Phrase	"Was ich sagen möchte, ist dieses."	What I want to say is this.				Blue		Dictionary	de	en						2022-10-07 16:46	"
Was ich sagen möchte, ist dieses.
"	"
What I want to say is this.
"	"
What I want to say is this.
"			1667839587466.mp3
PHRASE-YT|de|97d82d871a98ea89	Phrase	An diesem Tag geht es nicht.	On this day it does not work.				Blue		Dictionary	de	en						2022-10-07 16:46	"
An diesem Tag geht es nicht.
"	"
On this day it does not work.
"				1667839586936.mp3
PHRASE-YT|de|0459721d39ae5e85	Phrase	Diese Zeiten werden nicht wieder kommen.	Those times will not come again.				Blue		Dictionary	de	en						2022-10-07 16:46	"
Diese Zeiten werden nicht wieder kommen.
"	"
Those times will not come again.
"				1667839585927.mp3
PHRASE-YT|de|d99dc87e723a2129	Phrase	Das wird schon gut gehen.	That will go well.				Blue		Dictionary	de	en						2022-10-07 16:46	"
Das wird schon gut gehen.
"	"
That will go well.
"	"
It'll go well.
"			1667839579295.mp3
PHRASE-YT|de|ddb696e39948522a	Phrase	Alles wird gut sein.	Everything will be fine.				Blue		Dictionary	de	en						2022-10-07 16:46	"
Alles wird gut sein.
"	"
Everything will be fine.
"				1667839578360.mp3
PHRASE-YT|de|0b93a92d383711b3	Phrase	"Ich sagte, es wird mir gut gehen."	I said I'm going to be fine.				Blue		Dictionary	de	en						2022-10-07 16:46	"
Ich sagte, es wird mir gut gehen.
"	"
I said I'm going to be fine.
"	"
I said I'll be fine.
"			1667839575543.mp3
PHRASE-YT|de|78a5b1c120a592ea	Phrase	Wer wurde der Erste?	Who was the first?				Blue		Dictionary	de	en						2022-10-07 16:46	"
Wer wurde der Erste?
"	"
Who was the first?
"				1667839574736.mp3
PHRASE-YT|de|78d5561e0fd9dcb2	Phrase	"Wo nichts ist, kann auch nichts werden."	"Where there is nothing, nothing can become."				Blue		Dictionary	de	en						2022-10-07 16:46	"
Wo nichts ist, kann auch nichts werden.
"	"
Where there is nothing, nothing can become.
"				1667839573885.mp3
PHRASE-YT|de|483ea5168d00d253	Phrase	Hier bin ich groß geworden.	This is where I grew up.				Blue		Dictionary	de	en						2022-10-07 16:46	"
Hier bin ich groß geworden.
"	"
This is where I grew up.
"				1667839572920.mp3
PHRASE-YT|de|c92a47b469c7b3db	Phrase	"Was nicht ist, kann noch werden."	"What is not, can still become."				Blue		Dictionary	de	en						2022-10-07 16:46	"
Was nicht ist, kann noch werden.
"	"
What is not, can still become.
"	"
What isn't yet may later be.
"			1667839572164.mp3
PHRASE-YT|de|a85e0f9c4ed12df2	Phrase	Da hast du's ihm aber gegeben!	But you gave it to him!				Blue		Dictionary	de	en						2022-10-07 16:46	"
Da hast du's ihm aber gegeben!
"	"
But you gave it to him!
"	"
That's told him!
"			1667839564953.mp3
PHRASE-YT|de|e4fe7faa87bb4309	Phrase	Haben wir schon Dienstag?	Is it Tuesday?				Blue		Dictionary	de	en						2022-10-07 16:45	"
Haben wir schon Dienstag?
"	"
Is it Tuesday?
"	"
Is it Tuesday already?
"			1667839558976.mp3
PHRASE-YT|de|0ea36167d9eb9e88	Phrase	Er ist von uns gegangen.	He has left us.				Blue		Dictionary	de	en						2022-10-07 16:45	"
Er ist von uns gegangen.
"	"
He has left us.
"				1667839558184.mp3
PHRASE-YT|de|3c96d799d29dc5fd	Phrase	"Es wird Zeit, dass wir was tun!"	It's time we did something!				Blue		Dictionary	de	en						2022-10-07 16:45	"
Es wird Zeit, dass wir was tun!
"	"
It's time we did something!
"	"
It's time we did something.
"			1667839557086.mp3
PHRASE-YT|de|add2ad2aa9949fef	Phrase	Das haben wir immer so gemacht.	That's what we've always done.				Blue		Dictionary	de	en						2022-10-07 16:45	"
Das haben wir immer so gemacht.
"	"
That's what we've always done.
"	"
We've always done it this way.
"			1667839556365.mp3
PHRASE-YT|de|8cf7f99d3d2c0f08	Phrase	Wir müssen wissen. Wir werden wissen.	We need to know. We'll know.				Blue		Dictionary	de	en						2022-10-07 16:45	"
Wir müssen wissen. Wir werden wissen.
"	"
We need to know. We'll know.
"	"
We must know. We will know.
"			1667839555515.mp3
PHRASE-YT|de|4cd9557c63fa5398	Phrase	O nein! Nicht schon wieder!	O no! Not again!				Blue		Dictionary	de	en						2022-10-07 16:45	"
O nein! Nicht schon wieder!
"	"
O no! Not again!
"	"
Oh no, not again!
"			1667839550518.mp3
PHRASE-YT|de|0d61758d5887714d	Phrase	Es gibt jeden Tag viel zu tun.	There is a lot to do every day.				Blue		Dictionary	de	en						2022-10-07 16:45	"
Es gibt jeden Tag viel zu tun.
"	"
There is a lot to do every day.
"	"
There is a lot to do every day.
"			1667839545264.mp3
PHRASE-YT|de|17d92cef27c7c0eb	Phrase	Ich habe ihm nichts zu sagen.	I have nothing to say to him.				Blue		Dictionary	de	en						2022-10-07 16:45	"
Ich habe ihm nichts zu sagen.
"	"
I have nothing to say to him.
"				1667839544652.mp3
PHRASE-YT|de|5fb1a4b17ff35ffd	Phrase	Ich habe sehr viel zu tun.	I have a lot to do.				Blue		Dictionary	de	en						2022-10-07 16:45	"
Ich habe sehr viel zu tun.
"	"
I have a lot to do.
"				1667839543579.mp3
PHRASE-YT|de|233e7d73d43a5d7d	Phrase	Warum ist sie nicht zu Tom gegangen?	Why didn't she go to Tom?				Blue		Dictionary	de	en						2022-10-07 16:45	"
Warum ist sie nicht zu Tom gegangen?
"	"
Why didn't she go to Tom?
"				1667839541076.mp3
PHRASE-YT|de|364f81268ab4e88e	Phrase	Da ist nichts zu machen.	There is nothing to be done.				Blue		Dictionary	de	en						2022-10-07 16:45	"
Da ist nichts zu machen.
"	"
There is nothing to be done.
"	"
There is nothing to be done about that.
"			1667839540314.mp3
PHRASE-YT|de|2f40797f02a92f94	Phrase	Er wusste das ja nur zu gut.	He knew that all too well.				Blue		Dictionary	de	en						2022-10-07 16:45	"
Er wusste das ja nur zu gut.
"	"
He knew that all too well.
"				1667839539582.mp3
PHRASE-YT|de|432f8b308fdff09c	Phrase	Zu viel ist zu viel!	Too much is too much!				Blue		Dictionary	de	en						2022-10-07 16:45	"
Zu viel ist zu viel!
"	"
Too much is too much!
"				1667839538818.mp3
PHRASE-YT|de|969abdbda7cf9212	Phrase	Sie sind zu dritt gekommen.	There were three of them.				Blue		Dictionary	de	en						2022-10-07 16:45	"
Sie sind zu dritt gekommen.
"	"
There were three of them.
"				1667839538254.mp3
PHRASE-YT|de|4b46b9db94a1ef2b	Phrase	Wie sieht es heute in Fukushima aus?	What is the situation in Fukushima today?				Blue		Dictionary	de	en						2022-10-07 16:45	"
Wie sieht es heute in Fukushima aus?
"	"
What is the situation in Fukushima today?
"				1667839532829.mp3
PHRASE-YT|de|7c63b7f460b61234	Phrase	Markkus Lieblingspullover war in die Jahre gekommen.	Markku's favorite sweater was getting old.				Blue		Dictionary	de	en						2022-10-07 16:45	"
Markkus Lieblingspullover war in die Jahre gekommen.
"	"
Markku's favorite sweater was getting old.
"	"
Marcus's favourite jumper had seen better days.
"			1667839531828.mp3
PHRASE-YT|de|15457298c1837c39	Phrase	Ich war schon in Jokohama.	I've been to Jokohama.				Blue		Dictionary	de	en						2022-10-07 16:45	"
Ich war schon in Jokohama.
"	"
I've been to Jokohama.
"				1667839530842.mp3
PHRASE-YT|de|1d58cbbc99d0949e	Phrase	Ich bin gut in Wissenschaft.	I'm good at science.				Blue		Dictionary	de	en						2022-10-07 16:45	"
Ich bin gut in Wissenschaft.
"	"
I'm good at science.
"	"
I'm good at science.
"			1667839529943.mp3
PHRASE-YT|de|2ab7ca3131671c86	Phrase	Ich denke immer nur an dich.	I always think only of you.				Blue		Dictionary	de	en						2022-10-07 16:45	"
Ich denke immer nur an dich.
"	"
I always think only of you.
"				1667839523521.mp3
PHRASE-YT|de|b734f4f5aafa2459	Phrase	Ich mag dich nicht mehr.	I don't like you anymore.				Blue		Dictionary	de	en						2022-10-07 16:45	"
Ich mag dich nicht mehr.
"	"
I don't like you anymore.
"				1667839522933.mp3
PHRASE-YT|de|58840dc0d8ebc2d7	Phrase	Wo bist du?	Where are you?				Blue		Dictionary	de	en						2022-10-07 16:45	"
Wo bist du?
"	"
Where are you?
"				1667839521838.mp3
PHRASE-YT|de|dca68bbe7c8d9e45	Phrase	Hallo? Bist du noch da?	Hello? Are you still there?				Blue		Dictionary	de	en						2022-10-07 16:45	"
Hallo? Bist du noch da?
"	"
Hello? Are you still there?
"				1667839520954.mp3
PHRASE-YT|de|f1c90cc474a11969	Phrase	Wenn ich das doch nur gewusst hätte!	If only I had known that!				Blue		Dictionary	de	en						2022-10-07 16:45	"
Wenn ich das doch nur gewusst hätte!
"	"
If only I had known that!
"				1667839515710.mp3
PHRASE-YT|de|3f606499be770b06	Phrase	Mehr hat er nicht gesagt.	That's all he said.				Blue		Dictionary	de	en						2022-10-07 16:45	"
Mehr hat er nicht gesagt.
"	"
That's all he said.
"	"
He said nothing else.
"			1667839513440.mp3
PHRASE-YT|de|b63b7ee51bbe9aba	Phrase	"Wer viel hat, will noch mehr haben."	Those who have a lot want to have even more.				Blue		Dictionary	de	en						2022-10-07 16:45	"
Wer viel hat, will noch mehr haben.
"	"
Those who have a lot want to have even more.
"				1667839511559.mp3
PHRASE-YT|de|6f64af1246e71e2e	Phrase	Hätte ich noch Zeit gehabt!	If I had still had time!				Blue		Dictionary	de	en						2022-10-07 16:45	"
Hätte ich noch Zeit gehabt!
"	"
If I had still had time!
"				1667839510693.mp3
PHRASE-YT|de|c88f2e9282320409	Phrase	Mein Freund hat heute Geburtstag.	It's my boyfriend's birthday today.				Blue		Dictionary	de	en						2022-10-07 16:45	"
Mein Freund hat heute Geburtstag.
"	"
It's my boyfriend's birthday today.
"	"
Today is my friend's birthday.
"			1667839509863.mp3
PHRASE-YT|de|7f94b3c0071b23fe	Phrase	Was hast du vor zu tun?	What are you planning to do?				Blue		Dictionary	de	en						2022-10-07 16:45	"
Was hast du vor zu tun?
"	"
What are you planning to do?
"				1667839508827.mp3
PHRASE-YT|de|66d08257234def31	Phrase	Es kommen wieder andere Zeiten.	Other times are coming.				Blue		Dictionary	de	en						2022-10-07 16:45	"
Es kommen wieder andere Zeiten.
"	"
Other times are coming.
"	"
There will be other times.
"			1667839504011.mp3
PHRASE-YT|de|ee8784fbad9a0da3	Phrase	Ich möchte es nicht wissen.	I don't want to know.				Blue		Dictionary	de	en						2022-10-07 16:45	"
Ich möchte es nicht wissen.
"	"
I don't want to know.
"				1667839502996.mp3
PHRASE-YT|de|babf5a652dd8a5dd	Phrase	Gab es Atlantis wirklich?	Did Atlantis really exist?				Blue		Dictionary	de	en						2022-10-07 16:45	"
Gab es Atlantis wirklich?
"	"
Did Atlantis really exist?
"	"
Did Atlantis really exist?
"			1667839502074.mp3
PHRASE-YT|de|0c9d1692bab194f5	Phrase	"Jeder denkt es, aber keiner sagt es."	"Everyone thinks so, but no one says it."				Blue		Dictionary	de	en						2022-10-07 16:45	"
Jeder denkt es, aber keiner sagt es.
"	"
Everyone thinks so, but no one says it.
"				1667839500847.mp3
PHRASE-YT|de|5ca0c6023c00861b	Phrase	Wie war es?	How was it?				Blue		Dictionary	de	en						2022-10-07 16:44	"
Wie war es?
"	"
How was it?
"	"
What was it like?
"			1667839499760.mp3
PHRASE-YT|de|e365e21b828f0308	Phrase	Sie wissen das doch besser als ich.	You know that better than I do.				Blue		Dictionary	de	en						2022-10-07 16:44	"
Sie wissen das doch besser als ich.
"	"
You know that better than I do.
"				1667839494426.mp3
PHRASE-YT|de|e853b374d94021ee	Phrase	"Wissen Sie, wer sie sind?"	Do you know who they are?				Blue		Dictionary	de	en						2022-10-07 16:44	"
Wissen Sie, wer sie sind?
"	"
Do you know who they are?
"				1667839493494.mp3
PHRASE-YT|de|866277df1886b07a	Phrase	Sie ist schon über 70.	She is already over 70.				Blue		Dictionary	de	en						2022-10-07 16:44	"
Sie ist schon über 70.
"	"
She is already over 70.
"				1667839492683.mp3
PHRASE-YT|de|ad82aa0f4091a557	Phrase	"Sie macht mit ihm, was sie will."	She does what she wants with him.				Blue		Dictionary	de	en						2022-10-07 16:44	"
Sie macht mit ihm, was sie will.
"	"
She does what she wants with him.
"				1667839491772.mp3
PHRASE-YT|de|48b205f583eb53ad	Phrase	Was wollen Sie tun?	What do you want to do?				Blue		Dictionary	de	en						2022-10-07 16:44	"
Was wollen Sie tun?
"	"
What do you want to do?
"				1667839490942.mp3
PHRASE-YT|de|e9805f14688ddc02	Phrase	Und so kommt eins zum anderen.	And so one thing leads to another.				Blue		Dictionary	de	en						2022-10-07 16:44	"
Und so kommt eins zum anderen.
"	"
And so one thing leads to another.
"				1667839483415.mp3
PHRASE-YT|de|83d68875fa61b420	Phrase	Er dachte nach und dachte nach.	He thought and thought.				Blue		Dictionary	de	en						2022-10-07 16:44	"
Er dachte nach und dachte nach.
"	"
He thought and thought.
"				1667839482607.mp3
PHRASE-YT|de|63f719fc4125f548	Phrase	Und auch nicht hier.	And not here either.				Blue		Dictionary	de	en						2022-10-07 16:44	"
Und auch nicht hier.
"	"
And not here either.
"				1667839481679.mp3
PHRASE-YT|de|afe436c3610528d5	Phrase	Er lebt in Saus und Braus.	He lives in Saus and Braus.				Blue		Dictionary	de	en						2022-10-07 16:44	"
Er lebt in Saus und Braus.
"	"
He lives in Saus and Braus.
"				1667839480607.mp3
PHRASE-YT|de|a6e9e060dcf4d29c	Phrase	Und was werden wir machen?	And what are we going to do?				Blue		Dictionary	de	en						2022-10-07 16:44	"
Und was werden wir machen?
"	"
And what are we going to do?
"				1667839479341.mp3
PHRASE-YT|de|e378856bcf0086bb	Phrase	Ich komme ein anderes Mal.	I'll come another time.				Blue		Dictionary	de	en						2022-10-07 16:44	"
Ich komme ein anderes Mal.
"	"
I'll come another time.
"				1667839473588.mp3
PHRASE-YT|de|1ae2e53b931135c6	Phrase	"Tatoeba hat einen ""Log out"" Knopf."	"Tatoeba has a ""log out"" button."				Blue		Dictionary	de	en						2022-10-07 16:44	"
Tatoeba hat einen ""Log out"" Knopf.
"	"
Tatoeba has a ""log out"" button.
"	"
Tatoeba has a ""Log out"" button.
"			1667839472755.mp3
PHRASE-YT|de|e0ab50295726772e	Phrase	Kommt einer mit?	Will someone come along?				Blue		Dictionary	de	en						2022-10-07 16:44	"
Kommt einer mit?
"	"
Will someone come along?
"				1667839471703.mp3
PHRASE-YT|de|ffc817c5285e99f2	Phrase	Nüchternes Leben ist ein gutes Leben.	Sober life is a good life.				Blue		Dictionary	de	en						2022-10-07 16:44	"
Nüchternes Leben ist ein gutes Leben.
"	"
Sober life is a good life.
"				1667839470906.mp3
PHRASE-YT|de|7eac1f7aca87e2e3	Phrase	Ich kann so ein Leben nicht leben.	I can't live such a life.				Blue		Dictionary	de	en						2022-10-07 16:44	"
Ich kann so ein Leben nicht leben.
"	"
I can't live such a life.
"				1667839463729.mp3
PHRASE-YT|de|25a11d7d1d837983	Phrase	Das habe ich noch nicht getan.	I haven't done that yet.				Blue		Dictionary	de	en						2022-10-07 16:44	"
Das habe ich noch nicht getan.
"	"
I haven't done that yet.
"	"
I still haven't done it.
"			1667839462939.mp3
PHRASE-YT|de|ec1dd7829fb31aaa	Phrase	Ich muss mal!	I have to!				Blue		Dictionary	de	en						2022-10-07 16:44	"
Ich muss mal!
"	"
I have to!
"	"
I need the loo!
"			1667839461876.mp3
PHRASE-YT|de|95f5376334ccb1a6	Phrase	"""Vertraue mir"", sagte er."	"""Trust me,"" he said."				Blue		Dictionary	de	en						2022-10-07 16:44	"
""Vertraue mir"", sagte er.
"	"
""Trust me,"" he said.
"				1667839460975.mp3
PHRASE-YT|de|673bb10279eae663	Phrase	[brüllt] Wo ist Mikkel?	[roars] Where is Mikkel?				Blue		Netflix	de	en			471	80114790	Dark E1 Secrets	2022-10-07 16:44	"Wo ist Mikkel?
[brüllt] Wo ist Mikkel?
Wieso ist er nicht bei euch?"	"Where is Mikkel?
[roars] Where is Mikkel?
Why is not he with you?"	"Where is Mikkel?
Where is Mikkel?
Why isn't he with you?"	1667839453727_prev.jpg	1667839453727_next.jpg	1667839453727.mp3
PHRASE-YT|de|95acda43a2e4140b	Phrase	Wieso ist er nicht bei euch?	Why is not he with you?				Blue		Netflix	de	en			472	80114790	Dark E1 Secrets	2022-10-07 16:44	"[brüllt] Wo ist Mikkel?
Wieso ist er nicht bei euch?
Der war doch bei dir."	"[roars] Where is Mikkel?
Why is not he with you?
He was with you."	"Where is Mikkel?
Why isn't he with you?
He was with you!"	1667839453045_prev.jpg	1667839453045_next.jpg	1667839453045.mp3
PHRASE-YT|de|500a9f328fe9ca72	Phrase	Der war doch bei dir.	He was with you.				Blue		Netflix	de	en			473	80114790	Dark E1 Secrets	2022-10-07 16:44	"Wieso ist er nicht bei euch?
Der war doch bei dir.
[Magnus] Scheiße! Mikkel!"	"Why is not he with you?
He was with you.
[Magnus] Shit! Mikkel!"	"Why isn't he with you?
He was with you!
Shit! Mikkel!"	1667839452295_prev.jpg	1667839452295_next.jpg	1667839452295.mp3
PHRASE-YT|de|2e6a10417b692ded	Phrase	Das ist nicht Mikkel.	This is not Mikkel.				Blue		Netflix	de	en			523	80114790	Dark E1 Secrets	2022-10-07 16:44	"Es tut mir leid.
Das ist nicht Mikkel.
Das ist nicht Mikkel."	"I'm so sorry.
This is not Mikkel.
This is not Mikkel."	"I'm sorry.
That's not Mikkel.
That's not Mikkel."	1667839450650_prev.jpg	1667839450650_next.jpg	1667839450650.mp3
PHRASE-YT|de|93fe5de7e5f42a6b	Phrase	Wir sind zu spät.	We are too late.				Blue		Netflix	de	en			478	80114790	Dark E1 Secrets	2022-10-07 16:44	"Zu spät.
Wir sind zu spät.
[Handy klingelt.]"	"Too late.
We are too late.
[Cellphone rings.]"	"Too late.
We're too late.
"	1667839449774_prev.jpg	1667839449774_next.jpg	1667839449774.mp3
PHRASE-YT|de|7d6ea09bbeda6998	Phrase	Er tat das alles nur für sich.	He did it all just for himself.				Blue		Dictionary	de	en						2022-10-07 16:44	"
Er tat das alles nur für sich.
"	"
He did it all just for himself.
"	"
All this he did just for himself.
"			1667839443635.mp3
PHRASE-YT|de|bdad35ec90b7df94	Phrase	Das tut mir gut!	That's good for me!				Blue		Dictionary	de	en						2022-10-07 16:44	"
Das tut mir gut!
"	"
That's good for me!
"				1667839442826.mp3
PHRASE-YT|de|9277255fcdb3b4a0	Phrase	Das habe ich nicht gesehen.	I didn't see that.				Blue		Dictionary	de	en						2022-10-07 16:44	"
Das habe ich nicht gesehen.
"	"
I didn't see that.
"				1667839441168.mp3
PHRASE-YT|de|889332e60a00e1a5	Phrase	Heute geht das nicht mehr.	"Today, this is no longer possible."				Blue		Dictionary	de	en						2022-10-07 16:44	"
Heute geht das nicht mehr.
"	"
Today, this is no longer possible.
"	"
Nowadays, this is not like this anymore.
"			1667839440484.mp3
PHRASE-YT|de|a41ffb9334cacb1d	Phrase	Das ist immer so gewesen.	This has always been the case.				Blue		Dictionary	de	en						2022-10-07 16:43	"
Das ist immer so gewesen.
"	"
This has always been the case.
"	"
That has always been so.
"			1667839439918.mp3
PHRASE-YT|de|b2ee6b718560dc84	Phrase	Das Beste sollte noch kommen.	The best was yet to come.				Blue		Dictionary	de	en						2022-10-07 16:43	"
Das Beste sollte noch kommen.
"	"
The best was yet to come.
"	"
The best was yet to come.
"			1667839438524.mp3
PHRASE-YT|de|6c99f7594f65953a	Phrase	So habe ich das nicht gesagt.	That's not how I said it.				Blue		Dictionary	de	en						2022-10-07 16:43	"
So habe ich das nicht gesagt.
"	"
That's not how I said it.
"	"
I didn't say it like that.
"			1667839437770.mp3
PHRASE-YT|de|30a785117f1a08b7	Phrase	Die Leute haben alle keine Zeit.	People all don't have time.				Blue		Dictionary	de	en						2022-10-07 16:43	"
Die Leute haben alle keine Zeit.
"	"
People all don't have time.
"				1667839436984.mp3
PHRASE-YT|de|fa5c3557ec97e905	Phrase	Was ist das da?	What is that?				Blue		Dictionary	de	en						2022-10-07 16:43	"
Was ist das da?
"	"
What is that?
"	"
What's that there?
"			1667839435805.mp3
PHRASE-YT|de|0febeab59154ea65	Phrase	Du kannst das machen!	You can do that!				Blue		Dictionary	de	en						2022-10-07 16:43	"
Du kannst das machen!
"	"
You can do that!
"				1667839435182.mp3
